-- phpMyAdmin SQL Dump
-- version 4.9.5
-- https://www.phpmyadmin.net/
--
-- Host: localhost:3306
-- Generation Time: Nov 04, 2021 at 12:29 PM
-- Server version: 5.6.51-cll-lve
-- PHP Version: 7.3.27

SET SQL_MODE = "NO_AUTO_VALUE_ON_ZERO";
SET AUTOCOMMIT = 0;
START TRANSACTION;
SET time_zone = "+00:00";


/*!40101 SET @OLD_CHARACTER_SET_CLIENT=@@CHARACTER_SET_CLIENT */;
/*!40101 SET @OLD_CHARACTER_SET_RESULTS=@@CHARACTER_SET_RESULTS */;
/*!40101 SET @OLD_COLLATION_CONNECTION=@@COLLATION_CONNECTION */;
/*!40101 SET NAMES utf8mb4 */;

--
-- Database: `kimikurata_wnm608`
--

-- --------------------------------------------------------

--
-- Table structure for table `track_flowers`
--

CREATE TABLE `track_flowers` (
  `id` int(13) NOT NULL,
  `user_id` int(13) NOT NULL,
  `name` varchar(64) NOT NULL,
  `type` varchar(64) NOT NULL,
  `color` varchar(64) NOT NULL,
  `img` varchar(256) NOT NULL,
  `date_create` datetime NOT NULL
) ENGINE=InnoDB DEFAULT CHARSET=latin1;

--
-- Dumping data for table `track_flowers`
--

INSERT INTO `track_flowers` (`id`, `user_id`, `name`, `type`, `color`, `img`, `date_create`) VALUES
(1, 4, 'Snips', 'Tulip', 'red', 'https://via.placeholder.com/400/E69B8C/fff/?text=Snips', '2021-04-22 11:42:41'),
(2, 10, 'Malathion', 'Rose', 'red', 'https://via.placeholder.com/400/AEBCB9/fff/?text=Malathion', '2021-04-22 03:14:20'),
(3, 8, 'Cormoran', 'Lily', 'red', 'https://via.placeholder.com/400/AEBCB9/fff/?text=Cormoran', '2021-08-12 08:38:12'),
(4, 9, 'Ersum', 'Lily', 'purple', 'https://via.placeholder.com/400/E69B8C/fff/?text=Ersum', '2021-07-08 08:53:26'),
(5, 7, 'Acumentor', 'Lily', 'white', 'https://via.placeholder.com/400/E69B8C/fff/?text=Acumentor', '2021-04-28 09:52:39'),
(6, 5, 'Austex', 'Rose', 'pink', 'https://via.placeholder.com/400/AEBCB9/fff/?text=Austex', '2021-08-18 10:06:17'),
(7, 9, 'Capscreen', 'Rose', 'red', 'https://via.placeholder.com/400/FFD391/fff/?text=Capscreen', '2021-03-06 02:40:57'),
(8, 8, 'Oatfarm', 'Lily', 'white', 'https://via.placeholder.com/400/FFD391/fff/?text=Oatfarm', '2021-11-01 07:17:24'),
(9, 10, 'Krag', 'Tulip', 'pink', 'https://via.placeholder.com/400/E69B8C/fff/?text=Krag', '2021-07-09 09:07:04'),
(10, 3, 'Pasturia', 'Lily', 'pink', 'https://via.placeholder.com/400/FFD391/fff/?text=Pasturia', '2021-09-07 02:19:28'),
(11, 8, 'Beadzza', 'Tulip', 'white', 'https://via.placeholder.com/400/AEBCB9/fff/?text=Beadzza', '2021-01-10 07:01:06'),
(12, 4, 'Quordate', 'Lily', 'red', 'https://via.placeholder.com/400/F09B9B/fff/?text=Quordate', '2021-03-07 06:35:43'),
(13, 10, 'Extrawear', 'Lily', 'purple', 'https://via.placeholder.com/400/E69B8C/fff/?text=Extrawear', '2020-02-23 01:57:00'),
(14, 8, 'Eventix', 'Tulip', 'pink', 'https://via.placeholder.com/400/FFD391/fff/?text=Eventix', '2021-09-15 03:31:29'),
(15, 9, 'Hivedom', 'Tulip', 'purple', 'https://via.placeholder.com/400/AEBCB9/fff/?text=Hivedom', '2020-02-23 02:07:49'),
(16, 6, 'Zedalis', 'Rose', 'red', 'https://via.placeholder.com/400/AEBCB9/fff/?text=Zedalis', '2020-11-27 02:19:11'),
(17, 5, 'Datacator', 'Tulip', 'red', 'https://via.placeholder.com/400/E69B8C/fff/?text=Datacator', '2020-02-25 06:04:41'),
(18, 10, 'Apextri', 'Tulip', 'red', 'https://via.placeholder.com/400/E69B8C/fff/?text=Apextri', '2020-01-13 02:02:52'),
(19, 5, 'Zillidium', 'Tulip', 'purple', 'https://via.placeholder.com/400/F09B9B/fff/?text=Zillidium', '2021-08-02 04:30:48'),
(20, 8, 'Indexia', 'Rose', 'white', 'https://via.placeholder.com/400/F09B9B/fff/?text=Indexia', '2021-09-01 07:27:42'),
(21, 6, 'Comtext', 'Rose', 'white', 'https://via.placeholder.com/400/E69B8C/fff/?text=Comtext', '2020-07-09 04:29:19'),
(22, 6, 'Grupoli', 'Rose', 'white', 'https://via.placeholder.com/400/AEBCB9/fff/?text=Grupoli', '2020-11-25 03:04:53'),
(23, 10, 'Chillium', 'Lily', 'white', 'https://via.placeholder.com/400/E69B8C/fff/?text=Chillium', '2021-03-10 09:31:54'),
(24, 2, 'Proflex', 'Rose', 'purple', 'https://via.placeholder.com/400/F09B9B/fff/?text=Proflex', '2021-08-04 10:20:16'),
(25, 1, 'Vidto', 'Lily', 'purple', 'https://via.placeholder.com/400/F09B9B/fff/?text=Vidto', '2020-04-13 06:30:10'),
(26, 3, 'Kongle', 'Tulip', 'purple', 'https://via.placeholder.com/400/E69B8C/fff/?text=Kongle', '2020-06-15 11:19:21'),
(27, 3, 'Enersol', 'Tulip', 'white', 'https://via.placeholder.com/400/E69B8C/fff/?text=Enersol', '2021-05-01 12:34:17'),
(28, 1, 'Blurrybus', 'Tulip', 'white', 'https://via.placeholder.com/400/AEBCB9/fff/?text=Blurrybus', '2020-06-24 09:19:12'),
(29, 3, 'Octocore', 'Rose', 'white', 'https://via.placeholder.com/400/AEBCB9/fff/?text=Octocore', '2021-10-27 10:11:45'),
(30, 3, 'Mantro', 'Rose', 'purple', 'https://via.placeholder.com/400/FFD391/fff/?text=Mantro', '2020-01-26 07:33:26'),
(31, 4, 'Eplode', 'Rose', 'purple', 'https://via.placeholder.com/400/AEBCB9/fff/?text=Eplode', '2020-09-21 02:32:33'),
(32, 5, 'Prismatic', 'Rose', 'red', 'https://via.placeholder.com/400/F09B9B/fff/?text=Prismatic', '2020-07-07 03:31:51'),
(33, 4, 'Visalia', 'Lily', 'red', 'https://via.placeholder.com/400/FFD391/fff/?text=Visalia', '2020-10-27 03:20:33'),
(34, 6, 'Xelegyl', 'Tulip', 'pink', 'https://via.placeholder.com/400/FFD391/fff/?text=Xelegyl', '2020-07-21 01:53:09'),
(35, 6, 'Earthplex', 'Tulip', 'pink', 'https://via.placeholder.com/400/FFD391/fff/?text=Earthplex', '2021-09-16 12:46:38'),
(36, 5, 'Earbang', 'Tulip', 'purple', 'https://via.placeholder.com/400/FFD391/fff/?text=Earbang', '2020-06-19 05:10:00'),
(37, 4, 'Avit', 'Lily', 'purple', 'https://via.placeholder.com/400/F09B9B/fff/?text=Avit', '2020-09-07 05:58:00'),
(38, 9, 'Orbin', 'Rose', 'pink', 'https://via.placeholder.com/400/E69B8C/fff/?text=Orbin', '2020-11-21 09:53:23'),
(39, 2, 'Quarex', 'Rose', 'pink', 'https://via.placeholder.com/400/FFD391/fff/?text=Quarex', '2020-05-13 11:32:26'),
(40, 7, 'Zidant', 'Tulip', 'pink', 'https://via.placeholder.com/400/FFD391/fff/?text=Zidant', '2020-03-03 02:49:55'),
(41, 6, 'Updat', 'Rose', 'white', 'https://via.placeholder.com/400/F09B9B/fff/?text=Updat', '2020-09-04 09:40:05'),
(42, 1, 'Digitalus', 'Rose', 'red', 'https://via.placeholder.com/400/F09B9B/fff/?text=Digitalus', '2020-05-12 07:22:30'),
(43, 6, 'Imaginart', 'Rose', 'pink', 'https://via.placeholder.com/400/FFD391/fff/?text=Imaginart', '2021-09-08 08:48:57'),
(44, 9, 'Pheast', 'Rose', 'white', 'https://via.placeholder.com/400/AEBCB9/fff/?text=Pheast', '2020-04-29 06:01:29'),
(45, 9, 'Gallaxia', 'Tulip', 'red', 'https://via.placeholder.com/400/E69B8C/fff/?text=Gallaxia', '2020-03-22 08:28:12'),
(46, 1, 'Optique', 'Lily', 'white', 'https://via.placeholder.com/400/AEBCB9/fff/?text=Optique', '2021-08-13 10:49:06'),
(47, 9, 'Jamnation', 'Rose', 'red', 'https://via.placeholder.com/400/FFD391/fff/?text=Jamnation', '2021-08-02 04:32:47'),
(48, 10, 'Aquasseur', 'Lily', 'red', 'https://via.placeholder.com/400/F09B9B/fff/?text=Aquasseur', '2021-08-24 04:44:49'),
(49, 4, 'Quility', 'Lily', 'white', 'https://via.placeholder.com/400/FFD391/fff/?text=Quility', '2021-04-10 09:14:12'),
(50, 5, 'Otherway', 'Tulip', 'white', 'https://via.placeholder.com/400/F09B9B/fff/?text=Otherway', '2021-08-13 05:10:27');

-- --------------------------------------------------------

--
-- Table structure for table `track_locations`
--

CREATE TABLE `track_locations` (
  `id` int(13) NOT NULL,
  `flower_id` int(13) NOT NULL,
  `lat` decimal(8,6) NOT NULL,
  `lng` decimal(9,6) NOT NULL,
  `size` varchar(64) NOT NULL,
  `photo` varchar(256) NOT NULL,
  `icon` varchar(256) NOT NULL,
  `date_create` datetime NOT NULL
) ENGINE=InnoDB DEFAULT CHARSET=latin1;

--
-- Dumping data for table `track_locations`
--

INSERT INTO `track_locations` (`id`, `flower_id`, `lat`, `lng`, `size`, `photo`, `icon`, `date_create`) VALUES
(1, 6, 37.429667, -122.168277, 'large', 'https://via.placeholder.com/400/798BD7/fff/', 'https://via.placeholder.com/400/?text=ICON', '2021-10-31 10:59:18'),
(2, 8, 37.429667, -122.168277, 'large', 'https://via.placeholder.com/400/A8C6F8/fff/', 'https://via.placeholder.com/400/?text=ICON', '2020-12-14 06:58:59'),
(3, 4, 37.429667, -122.168277, 'medium', 'https://via.placeholder.com/400/AA92E0/fff/', 'https://via.placeholder.com/400/?text=ICON', '2021-03-17 03:39:29'),
(4, 1, 37.429667, -122.168277, 'medium', 'https://via.placeholder.com/400/AA92E0/fff/', 'https://via.placeholder.com/400/?text=ICON', '2020-01-09 06:26:26'),
(5, 9, 37.429667, -122.168277, 'small', 'https://via.placeholder.com/400/AA92E0/fff/', 'https://via.placeholder.com/400/?text=ICON', '2020-07-23 11:09:14'),
(6, 2, 37.429667, -122.168277, 'small', 'https://via.placeholder.com/400/CFF2F6/fff/', 'https://via.placeholder.com/400/?text=ICON', '2021-04-03 04:34:41'),
(7, 3, 37.429667, -122.168277, 'small', 'https://via.placeholder.com/400/A8C6F8/fff/', 'https://via.placeholder.com/400/?text=ICON', '2020-08-01 04:17:05'),
(8, 10, 37.429667, -122.168277, 'small', 'https://via.placeholder.com/400/798BD7/fff/', 'https://via.placeholder.com/400/?text=ICON', '2020-12-23 12:47:53'),
(9, 3, 37.429667, -122.168277, 'medium', 'https://via.placeholder.com/400/CFF2F6/fff/', 'https://via.placeholder.com/400/?text=ICON', '2021-06-04 07:04:35'),
(10, 8, 37.429667, -122.168277, 'medium', 'https://via.placeholder.com/400/798BD7/fff/', 'https://via.placeholder.com/400/?text=ICON', '2020-06-30 07:04:41'),
(11, 7, 37.429667, -122.168277, 'large', 'https://via.placeholder.com/400/A8C6F8/fff/', 'https://via.placeholder.com/400/?text=ICON', '2020-06-21 11:16:47'),
(12, 8, 37.429667, -122.168277, 'medium', 'https://via.placeholder.com/400/A8C6F8/fff/', 'https://via.placeholder.com/400/?text=ICON', '2020-11-13 08:10:03'),
(13, 9, 37.429667, -122.168277, 'small', 'https://via.placeholder.com/400/798BD7/fff/', 'https://via.placeholder.com/400/?text=ICON', '2020-11-21 06:03:13'),
(14, 4, 37.429667, -122.168277, 'small', 'https://via.placeholder.com/400/AA92E0/fff/', 'https://via.placeholder.com/400/?text=ICON', '2020-01-04 09:25:27'),
(15, 7, 37.429667, -122.168277, 'medium', 'https://via.placeholder.com/400/CFF2F6/fff/', 'https://via.placeholder.com/400/?text=ICON', '2020-07-11 06:55:07'),
(16, 1, 37.429667, -122.168277, 'large', 'https://via.placeholder.com/400/CFF2F6/fff/', 'https://via.placeholder.com/400/?text=ICON', '2021-03-18 11:41:24'),
(17, 6, 37.429667, -122.168277, 'medium', 'https://via.placeholder.com/400/798BD7/fff/', 'https://via.placeholder.com/400/?text=ICON', '2021-02-05 10:30:07'),
(18, 3, 37.429667, -122.168277, 'large', 'https://via.placeholder.com/400/A8C6F8/fff/', 'https://via.placeholder.com/400/?text=ICON', '2020-11-24 10:54:08'),
(19, 5, 37.429667, -122.168277, 'large', 'https://via.placeholder.com/400/798BD7/fff/', 'https://via.placeholder.com/400/?text=ICON', '2020-11-12 09:08:07'),
(20, 10, 37.429667, -122.168277, 'medium', 'https://via.placeholder.com/400/CFF2F6/fff/', 'https://via.placeholder.com/400/?text=ICON', '2021-06-03 02:04:26'),
(21, 6, 37.429667, -122.168277, 'large', 'https://via.placeholder.com/400/A8C6F8/fff/', 'https://via.placeholder.com/400/?text=ICON', '2020-05-01 04:16:27'),
(22, 4, 37.429667, -122.168277, 'medium', 'https://via.placeholder.com/400/AA92E0/fff/', 'https://via.placeholder.com/400/?text=ICON', '2021-09-28 02:21:02'),
(23, 2, 37.429667, -122.168277, 'small', 'https://via.placeholder.com/400/AA92E0/fff/', 'https://via.placeholder.com/400/?text=ICON', '2021-10-10 10:54:36'),
(24, 10, 37.429667, -122.168277, 'small', 'https://via.placeholder.com/400/CFF2F6/fff/', 'https://via.placeholder.com/400/?text=ICON', '2021-09-10 01:58:00'),
(25, 4, 37.429667, -122.168277, 'small', 'https://via.placeholder.com/400/A8C6F8/fff/', 'https://via.placeholder.com/400/?text=ICON', '2021-10-14 06:37:15'),
(26, 3, 37.429667, -122.168277, 'large', 'https://via.placeholder.com/400/A8C6F8/fff/', 'https://via.placeholder.com/400/?text=ICON', '2021-05-30 10:55:13'),
(27, 1, 37.429667, -122.168277, 'small', 'https://via.placeholder.com/400/AA92E0/fff/', 'https://via.placeholder.com/400/?text=ICON', '2020-11-05 09:30:43'),
(28, 10, 37.429667, -122.168277, 'small', 'https://via.placeholder.com/400/AA92E0/fff/', 'https://via.placeholder.com/400/?text=ICON', '2021-08-19 01:46:19'),
(29, 4, 37.429667, -122.168277, 'large', 'https://via.placeholder.com/400/CFF2F6/fff/', 'https://via.placeholder.com/400/?text=ICON', '2021-03-11 04:48:38'),
(30, 4, 37.429667, -122.168277, 'large', 'https://via.placeholder.com/400/AA92E0/fff/', 'https://via.placeholder.com/400/?text=ICON', '2020-07-04 02:23:51'),
(31, 7, 37.429667, -122.168277, 'small', 'https://via.placeholder.com/400/A8C6F8/fff/', 'https://via.placeholder.com/400/?text=ICON', '2020-12-07 09:49:53'),
(32, 10, 37.429667, -122.168277, 'large', 'https://via.placeholder.com/400/AA92E0/fff/', 'https://via.placeholder.com/400/?text=ICON', '2020-08-16 06:33:50'),
(33, 3, 37.429667, -122.168277, 'large', 'https://via.placeholder.com/400/AA92E0/fff/', 'https://via.placeholder.com/400/?text=ICON', '2020-06-27 12:07:50'),
(34, 6, 37.429667, -122.168277, 'large', 'https://via.placeholder.com/400/798BD7/fff/', 'https://via.placeholder.com/400/?text=ICON', '2021-07-10 08:45:13'),
(35, 6, 37.429667, -122.168277, 'large', 'https://via.placeholder.com/400/798BD7/fff/', 'https://via.placeholder.com/400/?text=ICON', '2021-09-21 12:16:53'),
(36, 5, 37.429667, -122.168277, 'small', 'https://via.placeholder.com/400/AA92E0/fff/', 'https://via.placeholder.com/400/?text=ICON', '2020-03-23 05:52:36'),
(37, 9, 37.429667, -122.168277, 'medium', 'https://via.placeholder.com/400/CFF2F6/fff/', 'https://via.placeholder.com/400/?text=ICON', '2021-03-19 02:21:16'),
(38, 1, 37.429667, -122.168277, 'medium', 'https://via.placeholder.com/400/A8C6F8/fff/', 'https://via.placeholder.com/400/?text=ICON', '2020-08-27 02:43:16'),
(39, 8, 37.429667, -122.168277, 'large', 'https://via.placeholder.com/400/AA92E0/fff/', 'https://via.placeholder.com/400/?text=ICON', '2021-03-11 01:02:54'),
(40, 7, 37.429667, -122.168277, 'medium', 'https://via.placeholder.com/400/AA92E0/fff/', 'https://via.placeholder.com/400/?text=ICON', '2020-08-27 07:26:13'),
(41, 1, 37.429667, -122.168277, 'medium', 'https://via.placeholder.com/400/A8C6F8/fff/', 'https://via.placeholder.com/400/?text=ICON', '2021-05-29 10:22:29'),
(42, 8, 37.429667, -122.168277, 'large', 'https://via.placeholder.com/400/CFF2F6/fff/', 'https://via.placeholder.com/400/?text=ICON', '2020-01-05 03:29:59'),
(43, 2, 37.429667, -122.168277, 'small', 'https://via.placeholder.com/400/A8C6F8/fff/', 'https://via.placeholder.com/400/?text=ICON', '2021-08-27 05:20:46'),
(44, 10, 37.429667, -122.168277, 'small', 'https://via.placeholder.com/400/CFF2F6/fff/', 'https://via.placeholder.com/400/?text=ICON', '2021-02-13 06:26:34'),
(45, 6, 37.429667, -122.168277, 'medium', 'https://via.placeholder.com/400/A8C6F8/fff/', 'https://via.placeholder.com/400/?text=ICON', '2021-01-07 04:02:12'),
(46, 9, 37.429667, -122.168277, 'small', 'https://via.placeholder.com/400/CFF2F6/fff/', 'https://via.placeholder.com/400/?text=ICON', '2021-11-01 08:45:01'),
(47, 4, 37.429667, -122.168277, 'medium', 'https://via.placeholder.com/400/798BD7/fff/', 'https://via.placeholder.com/400/?text=ICON', '2021-04-22 12:26:22'),
(48, 1, 37.429667, -122.168277, 'medium', 'https://via.placeholder.com/400/AA92E0/fff/', 'https://via.placeholder.com/400/?text=ICON', '2021-03-13 01:39:40'),
(49, 3, 37.429667, -122.168277, 'medium', 'https://via.placeholder.com/400/A8C6F8/fff/', 'https://via.placeholder.com/400/?text=ICON', '2021-09-19 05:05:28'),
(50, 4, 37.429667, -122.168277, 'medium', 'https://via.placeholder.com/400/798BD7/fff/', 'https://via.placeholder.com/400/?text=ICON', '2021-02-08 06:56:12'),
(51, 6, 37.429667, -122.168277, 'medium', 'https://via.placeholder.com/400/AA92E0/fff/', 'https://via.placeholder.com/400/?text=ICON', '2020-05-13 06:24:15'),
(52, 1, 37.429667, -122.168277, 'small', 'https://via.placeholder.com/400/AA92E0/fff/', 'https://via.placeholder.com/400/?text=ICON', '2020-05-28 01:54:43'),
(53, 8, 37.429667, -122.168277, 'small', 'https://via.placeholder.com/400/AA92E0/fff/', 'https://via.placeholder.com/400/?text=ICON', '2021-08-01 04:23:20'),
(54, 7, 37.429667, -122.168277, 'small', 'https://via.placeholder.com/400/A8C6F8/fff/', 'https://via.placeholder.com/400/?text=ICON', '2021-08-26 03:04:34'),
(55, 7, 37.429667, -122.168277, 'small', 'https://via.placeholder.com/400/AA92E0/fff/', 'https://via.placeholder.com/400/?text=ICON', '2020-04-02 01:56:41'),
(56, 10, 37.429667, -122.168277, 'small', 'https://via.placeholder.com/400/CFF2F6/fff/', 'https://via.placeholder.com/400/?text=ICON', '2021-02-02 01:32:52'),
(57, 5, 37.429667, -122.168277, 'large', 'https://via.placeholder.com/400/A8C6F8/fff/', 'https://via.placeholder.com/400/?text=ICON', '2021-04-23 07:22:30'),
(58, 6, 37.429667, -122.168277, 'medium', 'https://via.placeholder.com/400/798BD7/fff/', 'https://via.placeholder.com/400/?text=ICON', '2021-05-06 07:11:35'),
(59, 7, 37.429667, -122.168277, 'large', 'https://via.placeholder.com/400/AA92E0/fff/', 'https://via.placeholder.com/400/?text=ICON', '2021-01-10 01:14:35'),
(60, 5, 37.429667, -122.168277, 'medium', 'https://via.placeholder.com/400/A8C6F8/fff/', 'https://via.placeholder.com/400/?text=ICON', '2020-03-23 11:01:06'),
(61, 1, 37.429667, -122.168277, 'medium', 'https://via.placeholder.com/400/798BD7/fff/', 'https://via.placeholder.com/400/?text=ICON', '2021-06-04 09:01:24'),
(62, 7, 37.429667, -122.168277, 'large', 'https://via.placeholder.com/400/798BD7/fff/', 'https://via.placeholder.com/400/?text=ICON', '2020-01-29 01:14:45'),
(63, 3, 37.429667, -122.168277, 'small', 'https://via.placeholder.com/400/AA92E0/fff/', 'https://via.placeholder.com/400/?text=ICON', '2021-06-25 07:01:56'),
(64, 7, 37.429667, -122.168277, 'small', 'https://via.placeholder.com/400/798BD7/fff/', 'https://via.placeholder.com/400/?text=ICON', '2021-10-08 10:39:06'),
(65, 10, 37.429667, -122.168277, 'medium', 'https://via.placeholder.com/400/CFF2F6/fff/', 'https://via.placeholder.com/400/?text=ICON', '2021-08-20 08:59:56'),
(66, 9, 37.429667, -122.168277, 'small', 'https://via.placeholder.com/400/AA92E0/fff/', 'https://via.placeholder.com/400/?text=ICON', '2020-03-24 09:24:35'),
(67, 9, 37.429667, -122.168277, 'medium', 'https://via.placeholder.com/400/AA92E0/fff/', 'https://via.placeholder.com/400/?text=ICON', '2020-01-02 04:11:02'),
(68, 3, 37.429667, -122.168277, 'small', 'https://via.placeholder.com/400/CFF2F6/fff/', 'https://via.placeholder.com/400/?text=ICON', '2020-03-19 05:31:11'),
(69, 3, 37.429667, -122.168277, 'large', 'https://via.placeholder.com/400/A8C6F8/fff/', 'https://via.placeholder.com/400/?text=ICON', '2021-07-02 07:37:39'),
(70, 5, 37.429667, -122.168277, 'small', 'https://via.placeholder.com/400/AA92E0/fff/', 'https://via.placeholder.com/400/?text=ICON', '2020-08-04 10:55:27'),
(71, 10, 37.429667, -122.168277, 'small', 'https://via.placeholder.com/400/A8C6F8/fff/', 'https://via.placeholder.com/400/?text=ICON', '2020-02-23 05:22:18'),
(72, 2, 37.429667, -122.168277, 'small', 'https://via.placeholder.com/400/CFF2F6/fff/', 'https://via.placeholder.com/400/?text=ICON', '2020-02-26 06:21:49'),
(73, 5, 37.429667, -122.168277, 'small', 'https://via.placeholder.com/400/AA92E0/fff/', 'https://via.placeholder.com/400/?text=ICON', '2020-05-04 08:19:20'),
(74, 9, 37.429667, -122.168277, 'medium', 'https://via.placeholder.com/400/798BD7/fff/', 'https://via.placeholder.com/400/?text=ICON', '2020-07-24 11:33:36'),
(75, 1, 37.429667, -122.168277, 'small', 'https://via.placeholder.com/400/A8C6F8/fff/', 'https://via.placeholder.com/400/?text=ICON', '2020-10-06 07:44:33'),
(76, 4, 37.429667, -122.168277, 'medium', 'https://via.placeholder.com/400/CFF2F6/fff/', 'https://via.placeholder.com/400/?text=ICON', '2021-01-03 10:38:37'),
(77, 2, 37.429667, -122.168277, 'medium', 'https://via.placeholder.com/400/AA92E0/fff/', 'https://via.placeholder.com/400/?text=ICON', '2020-07-13 03:17:06'),
(78, 7, 37.429667, -122.168277, 'large', 'https://via.placeholder.com/400/AA92E0/fff/', 'https://via.placeholder.com/400/?text=ICON', '2021-09-28 12:58:30'),
(79, 7, 37.429667, -122.168277, 'medium', 'https://via.placeholder.com/400/AA92E0/fff/', 'https://via.placeholder.com/400/?text=ICON', '2021-01-17 09:46:41'),
(80, 2, 37.429667, -122.168277, 'small', 'https://via.placeholder.com/400/AA92E0/fff/', 'https://via.placeholder.com/400/?text=ICON', '2020-12-27 04:12:13'),
(81, 8, 37.429667, -122.168277, 'small', 'https://via.placeholder.com/400/AA92E0/fff/', 'https://via.placeholder.com/400/?text=ICON', '2021-04-17 06:19:58'),
(82, 6, 37.429667, -122.168277, 'small', 'https://via.placeholder.com/400/CFF2F6/fff/', 'https://via.placeholder.com/400/?text=ICON', '2021-10-31 03:41:54'),
(83, 4, 37.429667, -122.168277, 'medium', 'https://via.placeholder.com/400/A8C6F8/fff/', 'https://via.placeholder.com/400/?text=ICON', '2021-05-05 02:38:43'),
(84, 9, 37.429667, -122.168277, 'medium', 'https://via.placeholder.com/400/A8C6F8/fff/', 'https://via.placeholder.com/400/?text=ICON', '2021-08-13 08:53:55'),
(85, 8, 37.429667, -122.168277, 'medium', 'https://via.placeholder.com/400/798BD7/fff/', 'https://via.placeholder.com/400/?text=ICON', '2020-10-01 06:32:13'),
(86, 9, 37.429667, -122.168277, 'large', 'https://via.placeholder.com/400/CFF2F6/fff/', 'https://via.placeholder.com/400/?text=ICON', '2020-01-17 05:45:39'),
(87, 2, 37.429667, -122.168277, 'medium', 'https://via.placeholder.com/400/A8C6F8/fff/', 'https://via.placeholder.com/400/?text=ICON', '2021-03-31 04:48:30'),
(88, 10, 37.429667, -122.168277, 'small', 'https://via.placeholder.com/400/AA92E0/fff/', 'https://via.placeholder.com/400/?text=ICON', '2021-08-24 01:01:30'),
(89, 4, 37.429667, -122.168277, 'large', 'https://via.placeholder.com/400/CFF2F6/fff/', 'https://via.placeholder.com/400/?text=ICON', '2021-05-09 06:39:57'),
(90, 6, 37.429667, -122.168277, 'medium', 'https://via.placeholder.com/400/AA92E0/fff/', 'https://via.placeholder.com/400/?text=ICON', '2020-01-19 04:43:21'),
(91, 8, 37.429667, -122.168277, 'large', 'https://via.placeholder.com/400/A8C6F8/fff/', 'https://via.placeholder.com/400/?text=ICON', '2021-06-10 01:02:04'),
(92, 7, 37.429667, -122.168277, 'small', 'https://via.placeholder.com/400/A8C6F8/fff/', 'https://via.placeholder.com/400/?text=ICON', '2020-05-03 01:28:18'),
(93, 5, 37.429667, -122.168277, 'small', 'https://via.placeholder.com/400/798BD7/fff/', 'https://via.placeholder.com/400/?text=ICON', '2020-04-13 10:10:34'),
(94, 2, 37.429667, -122.168277, 'small', 'https://via.placeholder.com/400/A8C6F8/fff/', 'https://via.placeholder.com/400/?text=ICON', '2021-10-29 05:28:21'),
(95, 6, 37.429667, -122.168277, 'medium', 'https://via.placeholder.com/400/A8C6F8/fff/', 'https://via.placeholder.com/400/?text=ICON', '2021-05-29 10:00:40'),
(96, 4, 37.429667, -122.168277, 'large', 'https://via.placeholder.com/400/798BD7/fff/', 'https://via.placeholder.com/400/?text=ICON', '2020-03-15 06:01:27'),
(97, 5, 37.429667, -122.168277, 'medium', 'https://via.placeholder.com/400/A8C6F8/fff/', 'https://via.placeholder.com/400/?text=ICON', '2021-10-21 08:26:11'),
(98, 3, 37.429667, -122.168277, 'medium', 'https://via.placeholder.com/400/AA92E0/fff/', 'https://via.placeholder.com/400/?text=ICON', '2021-10-06 04:22:23'),
(99, 4, 37.429667, -122.168277, 'large', 'https://via.placeholder.com/400/AA92E0/fff/', 'https://via.placeholder.com/400/?text=ICON', '2020-02-10 07:43:38'),
(100, 4, 37.429667, -122.168277, 'medium', 'https://via.placeholder.com/400/AA92E0/fff/', 'https://via.placeholder.com/400/?text=ICON', '2021-08-03 11:48:31'),
(101, 8, 37.429667, -122.168277, 'medium', 'https://via.placeholder.com/400/CFF2F6/fff/', 'https://via.placeholder.com/400/?text=ICON', '2020-11-20 09:28:20'),
(102, 5, 37.429667, -122.168277, 'medium', 'https://via.placeholder.com/400/CFF2F6/fff/', 'https://via.placeholder.com/400/?text=ICON', '2020-09-29 08:20:28'),
(103, 7, 37.429667, -122.168277, 'medium', 'https://via.placeholder.com/400/AA92E0/fff/', 'https://via.placeholder.com/400/?text=ICON', '2020-03-26 08:16:15'),
(104, 7, 37.429667, -122.168277, 'large', 'https://via.placeholder.com/400/798BD7/fff/', 'https://via.placeholder.com/400/?text=ICON', '2020-04-09 11:31:59'),
(105, 2, 37.429667, -122.168277, 'medium', 'https://via.placeholder.com/400/798BD7/fff/', 'https://via.placeholder.com/400/?text=ICON', '2020-03-07 01:25:46'),
(106, 6, 37.429667, -122.168277, 'small', 'https://via.placeholder.com/400/CFF2F6/fff/', 'https://via.placeholder.com/400/?text=ICON', '2021-09-28 02:33:39'),
(107, 3, 37.429667, -122.168277, 'small', 'https://via.placeholder.com/400/AA92E0/fff/', 'https://via.placeholder.com/400/?text=ICON', '2020-05-07 07:37:49'),
(108, 5, 37.429667, -122.168277, 'medium', 'https://via.placeholder.com/400/A8C6F8/fff/', 'https://via.placeholder.com/400/?text=ICON', '2021-07-28 03:19:53'),
(109, 10, 37.429667, -122.168277, 'small', 'https://via.placeholder.com/400/AA92E0/fff/', 'https://via.placeholder.com/400/?text=ICON', '2020-07-16 09:54:01'),
(110, 3, 37.429667, -122.168277, 'medium', 'https://via.placeholder.com/400/CFF2F6/fff/', 'https://via.placeholder.com/400/?text=ICON', '2020-12-21 10:16:13'),
(111, 10, 37.429667, -122.168277, 'medium', 'https://via.placeholder.com/400/798BD7/fff/', 'https://via.placeholder.com/400/?text=ICON', '2021-10-31 08:02:30'),
(112, 10, 37.429667, -122.168277, 'medium', 'https://via.placeholder.com/400/798BD7/fff/', 'https://via.placeholder.com/400/?text=ICON', '2020-08-22 01:51:57'),
(113, 2, 37.429667, -122.168277, 'small', 'https://via.placeholder.com/400/798BD7/fff/', 'https://via.placeholder.com/400/?text=ICON', '2020-08-03 02:56:22'),
(114, 8, 37.429667, -122.168277, 'large', 'https://via.placeholder.com/400/798BD7/fff/', 'https://via.placeholder.com/400/?text=ICON', '2020-03-20 09:49:24'),
(115, 10, 37.429667, -122.168277, 'medium', 'https://via.placeholder.com/400/CFF2F6/fff/', 'https://via.placeholder.com/400/?text=ICON', '2021-10-19 07:46:32'),
(116, 5, 37.429667, -122.168277, 'large', 'https://via.placeholder.com/400/AA92E0/fff/', 'https://via.placeholder.com/400/?text=ICON', '2021-09-09 02:26:14'),
(117, 7, 37.429667, -122.168277, 'medium', 'https://via.placeholder.com/400/AA92E0/fff/', 'https://via.placeholder.com/400/?text=ICON', '2020-05-04 02:03:07'),
(118, 9, 37.429667, -122.168277, 'medium', 'https://via.placeholder.com/400/798BD7/fff/', 'https://via.placeholder.com/400/?text=ICON', '2020-06-08 01:09:52'),
(119, 5, 37.429667, -122.168277, 'medium', 'https://via.placeholder.com/400/798BD7/fff/', 'https://via.placeholder.com/400/?text=ICON', '2020-11-15 12:16:28'),
(120, 10, 37.429667, -122.168277, 'large', 'https://via.placeholder.com/400/AA92E0/fff/', 'https://via.placeholder.com/400/?text=ICON', '2021-10-12 01:13:46'),
(121, 4, 37.429667, -122.168277, 'medium', 'https://via.placeholder.com/400/A8C6F8/fff/', 'https://via.placeholder.com/400/?text=ICON', '2020-12-18 12:05:38'),
(122, 1, 37.429667, -122.168277, 'large', 'https://via.placeholder.com/400/798BD7/fff/', 'https://via.placeholder.com/400/?text=ICON', '2020-01-11 09:09:25'),
(123, 10, 37.429667, -122.168277, 'medium', 'https://via.placeholder.com/400/CFF2F6/fff/', 'https://via.placeholder.com/400/?text=ICON', '2021-10-15 10:08:21'),
(124, 4, 37.429667, -122.168277, 'small', 'https://via.placeholder.com/400/798BD7/fff/', 'https://via.placeholder.com/400/?text=ICON', '2020-10-15 06:48:15'),
(125, 6, 37.429667, -122.168277, 'large', 'https://via.placeholder.com/400/A8C6F8/fff/', 'https://via.placeholder.com/400/?text=ICON', '2020-08-25 09:44:13'),
(126, 1, 37.429667, -122.168277, 'small', 'https://via.placeholder.com/400/A8C6F8/fff/', 'https://via.placeholder.com/400/?text=ICON', '2021-10-10 05:11:01'),
(127, 5, 37.429667, -122.168277, 'medium', 'https://via.placeholder.com/400/798BD7/fff/', 'https://via.placeholder.com/400/?text=ICON', '2020-02-02 03:09:45'),
(128, 5, 37.429667, -122.168277, 'medium', 'https://via.placeholder.com/400/AA92E0/fff/', 'https://via.placeholder.com/400/?text=ICON', '2020-12-27 07:52:22'),
(129, 3, 37.429667, -122.168277, 'large', 'https://via.placeholder.com/400/CFF2F6/fff/', 'https://via.placeholder.com/400/?text=ICON', '2021-09-07 02:40:40'),
(130, 5, 37.429667, -122.168277, 'medium', 'https://via.placeholder.com/400/AA92E0/fff/', 'https://via.placeholder.com/400/?text=ICON', '2021-10-24 07:20:16'),
(131, 6, 37.429667, -122.168277, 'small', 'https://via.placeholder.com/400/AA92E0/fff/', 'https://via.placeholder.com/400/?text=ICON', '2021-02-23 07:06:58'),
(132, 6, 37.429667, -122.168277, 'small', 'https://via.placeholder.com/400/AA92E0/fff/', 'https://via.placeholder.com/400/?text=ICON', '2020-05-01 09:48:25'),
(133, 6, 37.429667, -122.168277, 'large', 'https://via.placeholder.com/400/798BD7/fff/', 'https://via.placeholder.com/400/?text=ICON', '2021-04-08 09:35:08'),
(134, 3, 37.429667, -122.168277, 'large', 'https://via.placeholder.com/400/CFF2F6/fff/', 'https://via.placeholder.com/400/?text=ICON', '2020-04-14 07:25:13'),
(135, 9, 37.429667, -122.168277, 'small', 'https://via.placeholder.com/400/CFF2F6/fff/', 'https://via.placeholder.com/400/?text=ICON', '2020-06-21 12:53:56'),
(136, 2, 37.429667, -122.168277, 'medium', 'https://via.placeholder.com/400/CFF2F6/fff/', 'https://via.placeholder.com/400/?text=ICON', '2021-04-09 10:34:46'),
(137, 4, 37.429667, -122.168277, 'large', 'https://via.placeholder.com/400/798BD7/fff/', 'https://via.placeholder.com/400/?text=ICON', '2020-05-16 08:11:00'),
(138, 7, 37.429667, -122.168277, 'medium', 'https://via.placeholder.com/400/798BD7/fff/', 'https://via.placeholder.com/400/?text=ICON', '2021-07-08 09:06:20'),
(139, 10, 37.429667, -122.168277, 'small', 'https://via.placeholder.com/400/AA92E0/fff/', 'https://via.placeholder.com/400/?text=ICON', '2020-07-25 11:04:59'),
(140, 7, 37.429667, -122.168277, 'medium', 'https://via.placeholder.com/400/798BD7/fff/', 'https://via.placeholder.com/400/?text=ICON', '2021-02-20 08:26:21'),
(141, 8, 37.429667, -122.168277, 'small', 'https://via.placeholder.com/400/AA92E0/fff/', 'https://via.placeholder.com/400/?text=ICON', '2021-10-30 10:01:47'),
(142, 10, 37.429667, -122.168277, 'large', 'https://via.placeholder.com/400/A8C6F8/fff/', 'https://via.placeholder.com/400/?text=ICON', '2020-07-02 06:18:55'),
(143, 2, 37.429667, -122.168277, 'medium', 'https://via.placeholder.com/400/AA92E0/fff/', 'https://via.placeholder.com/400/?text=ICON', '2021-08-22 12:42:57'),
(144, 2, 37.429667, -122.168277, 'medium', 'https://via.placeholder.com/400/A8C6F8/fff/', 'https://via.placeholder.com/400/?text=ICON', '2020-04-22 08:53:03'),
(145, 10, 37.429667, -122.168277, 'medium', 'https://via.placeholder.com/400/798BD7/fff/', 'https://via.placeholder.com/400/?text=ICON', '2021-09-02 03:25:57'),
(146, 7, 37.429667, -122.168277, 'large', 'https://via.placeholder.com/400/AA92E0/fff/', 'https://via.placeholder.com/400/?text=ICON', '2020-03-02 02:19:33'),
(147, 10, 37.429667, -122.168277, 'small', 'https://via.placeholder.com/400/CFF2F6/fff/', 'https://via.placeholder.com/400/?text=ICON', '2020-07-28 10:48:09'),
(148, 2, 37.429667, -122.168277, 'small', 'https://via.placeholder.com/400/A8C6F8/fff/', 'https://via.placeholder.com/400/?text=ICON', '2020-11-29 07:04:09'),
(149, 3, 37.429667, -122.168277, 'medium', 'https://via.placeholder.com/400/AA92E0/fff/', 'https://via.placeholder.com/400/?text=ICON', '2021-05-26 05:19:36'),
(150, 8, 37.429667, -122.168277, 'medium', 'https://via.placeholder.com/400/798BD7/fff/', 'https://via.placeholder.com/400/?text=ICON', '2021-09-07 10:06:39'),
(151, 9, 37.429667, -122.168277, 'large', 'https://via.placeholder.com/400/A8C6F8/fff/', 'https://via.placeholder.com/400/?text=ICON', '2021-02-19 03:52:29'),
(152, 10, 37.429667, -122.168277, 'small', 'https://via.placeholder.com/400/CFF2F6/fff/', 'https://via.placeholder.com/400/?text=ICON', '2021-10-04 05:21:44'),
(153, 10, 37.429667, -122.168277, 'small', 'https://via.placeholder.com/400/CFF2F6/fff/', 'https://via.placeholder.com/400/?text=ICON', '2021-06-21 04:43:39'),
(154, 6, 37.429667, -122.168277, 'small', 'https://via.placeholder.com/400/798BD7/fff/', 'https://via.placeholder.com/400/?text=ICON', '2020-05-01 12:13:41'),
(155, 6, 37.429667, -122.168277, 'medium', 'https://via.placeholder.com/400/A8C6F8/fff/', 'https://via.placeholder.com/400/?text=ICON', '2020-09-26 09:16:44'),
(156, 10, 37.429667, -122.168277, 'medium', 'https://via.placeholder.com/400/CFF2F6/fff/', 'https://via.placeholder.com/400/?text=ICON', '2020-05-19 05:55:32'),
(157, 1, 37.429667, -122.168277, 'small', 'https://via.placeholder.com/400/798BD7/fff/', 'https://via.placeholder.com/400/?text=ICON', '2021-10-26 07:29:30'),
(158, 7, 37.429667, -122.168277, 'small', 'https://via.placeholder.com/400/798BD7/fff/', 'https://via.placeholder.com/400/?text=ICON', '2020-05-09 10:06:35'),
(159, 10, 37.429667, -122.168277, 'small', 'https://via.placeholder.com/400/CFF2F6/fff/', 'https://via.placeholder.com/400/?text=ICON', '2021-05-06 03:49:50'),
(160, 2, 37.429667, -122.168277, 'large', 'https://via.placeholder.com/400/AA92E0/fff/', 'https://via.placeholder.com/400/?text=ICON', '2021-02-16 03:34:37'),
(161, 7, 37.429667, -122.168277, 'small', 'https://via.placeholder.com/400/A8C6F8/fff/', 'https://via.placeholder.com/400/?text=ICON', '2021-04-29 01:55:04'),
(162, 5, 37.429667, -122.168277, 'medium', 'https://via.placeholder.com/400/AA92E0/fff/', 'https://via.placeholder.com/400/?text=ICON', '2021-07-10 03:38:05'),
(163, 1, 37.429667, -122.168277, 'large', 'https://via.placeholder.com/400/A8C6F8/fff/', 'https://via.placeholder.com/400/?text=ICON', '2020-04-22 03:40:24'),
(164, 4, 37.429667, -122.168277, 'large', 'https://via.placeholder.com/400/AA92E0/fff/', 'https://via.placeholder.com/400/?text=ICON', '2021-05-12 08:58:34'),
(165, 1, 37.429667, -122.168277, 'medium', 'https://via.placeholder.com/400/A8C6F8/fff/', 'https://via.placeholder.com/400/?text=ICON', '2021-07-04 03:02:44'),
(166, 5, 37.429667, -122.168277, 'small', 'https://via.placeholder.com/400/AA92E0/fff/', 'https://via.placeholder.com/400/?text=ICON', '2021-09-29 11:16:37'),
(167, 4, 37.429667, -122.168277, 'small', 'https://via.placeholder.com/400/A8C6F8/fff/', 'https://via.placeholder.com/400/?text=ICON', '2021-06-12 12:54:47'),
(168, 8, 37.429667, -122.168277, 'small', 'https://via.placeholder.com/400/A8C6F8/fff/', 'https://via.placeholder.com/400/?text=ICON', '2020-04-18 07:32:35'),
(169, 10, 37.429667, -122.168277, 'small', 'https://via.placeholder.com/400/798BD7/fff/', 'https://via.placeholder.com/400/?text=ICON', '2021-03-03 02:46:05'),
(170, 8, 37.429667, -122.168277, 'medium', 'https://via.placeholder.com/400/A8C6F8/fff/', 'https://via.placeholder.com/400/?text=ICON', '2021-09-29 11:56:00'),
(171, 1, 37.429667, -122.168277, 'small', 'https://via.placeholder.com/400/A8C6F8/fff/', 'https://via.placeholder.com/400/?text=ICON', '2021-02-28 02:18:44'),
(172, 1, 37.429667, -122.168277, 'large', 'https://via.placeholder.com/400/A8C6F8/fff/', 'https://via.placeholder.com/400/?text=ICON', '2020-11-25 06:42:39'),
(173, 1, 37.429667, -122.168277, 'medium', 'https://via.placeholder.com/400/AA92E0/fff/', 'https://via.placeholder.com/400/?text=ICON', '2021-01-16 10:13:57'),
(174, 6, 37.429667, -122.168277, 'medium', 'https://via.placeholder.com/400/AA92E0/fff/', 'https://via.placeholder.com/400/?text=ICON', '2021-04-01 04:54:42'),
(175, 5, 37.429667, -122.168277, 'medium', 'https://via.placeholder.com/400/798BD7/fff/', 'https://via.placeholder.com/400/?text=ICON', '2021-09-23 03:25:20'),
(176, 10, 37.429667, -122.168277, 'medium', 'https://via.placeholder.com/400/CFF2F6/fff/', 'https://via.placeholder.com/400/?text=ICON', '2021-09-25 08:53:06'),
(177, 10, 37.429667, -122.168277, 'large', 'https://via.placeholder.com/400/798BD7/fff/', 'https://via.placeholder.com/400/?text=ICON', '2021-10-05 05:02:33'),
(178, 3, 37.429667, -122.168277, 'large', 'https://via.placeholder.com/400/CFF2F6/fff/', 'https://via.placeholder.com/400/?text=ICON', '2020-07-03 10:00:17'),
(179, 5, 37.429667, -122.168277, 'large', 'https://via.placeholder.com/400/A8C6F8/fff/', 'https://via.placeholder.com/400/?text=ICON', '2020-05-03 03:07:29'),
(180, 6, 37.429667, -122.168277, 'medium', 'https://via.placeholder.com/400/A8C6F8/fff/', 'https://via.placeholder.com/400/?text=ICON', '2021-05-06 02:09:42'),
(181, 4, 37.429667, -122.168277, 'large', 'https://via.placeholder.com/400/AA92E0/fff/', 'https://via.placeholder.com/400/?text=ICON', '2021-05-21 09:38:44'),
(182, 2, 37.429667, -122.168277, 'medium', 'https://via.placeholder.com/400/798BD7/fff/', 'https://via.placeholder.com/400/?text=ICON', '2020-03-18 01:22:43'),
(183, 6, 37.429667, -122.168277, 'medium', 'https://via.placeholder.com/400/CFF2F6/fff/', 'https://via.placeholder.com/400/?text=ICON', '2021-07-12 06:50:52'),
(184, 9, 37.429667, -122.168277, 'medium', 'https://via.placeholder.com/400/AA92E0/fff/', 'https://via.placeholder.com/400/?text=ICON', '2020-11-01 02:00:25'),
(185, 3, 37.429667, -122.168277, 'medium', 'https://via.placeholder.com/400/A8C6F8/fff/', 'https://via.placeholder.com/400/?text=ICON', '2021-02-07 08:15:44'),
(186, 4, 37.429667, -122.168277, 'small', 'https://via.placeholder.com/400/CFF2F6/fff/', 'https://via.placeholder.com/400/?text=ICON', '2021-09-04 09:43:00'),
(187, 10, 37.429667, -122.168277, 'large', 'https://via.placeholder.com/400/CFF2F6/fff/', 'https://via.placeholder.com/400/?text=ICON', '2020-02-10 12:25:59'),
(188, 1, 37.429667, -122.168277, 'medium', 'https://via.placeholder.com/400/798BD7/fff/', 'https://via.placeholder.com/400/?text=ICON', '2020-02-16 07:43:24'),
(189, 9, 37.429667, -122.168277, 'small', 'https://via.placeholder.com/400/A8C6F8/fff/', 'https://via.placeholder.com/400/?text=ICON', '2021-08-06 09:39:41'),
(190, 5, 37.429667, -122.168277, 'large', 'https://via.placeholder.com/400/CFF2F6/fff/', 'https://via.placeholder.com/400/?text=ICON', '2021-04-30 01:47:21'),
(191, 6, 37.429667, -122.168277, 'large', 'https://via.placeholder.com/400/A8C6F8/fff/', 'https://via.placeholder.com/400/?text=ICON', '2020-07-07 09:42:03'),
(192, 7, 37.429667, -122.168277, 'small', 'https://via.placeholder.com/400/CFF2F6/fff/', 'https://via.placeholder.com/400/?text=ICON', '2020-01-14 04:03:25'),
(193, 8, 37.429667, -122.168277, 'large', 'https://via.placeholder.com/400/AA92E0/fff/', 'https://via.placeholder.com/400/?text=ICON', '2020-09-28 12:44:24'),
(194, 7, 37.429667, -122.168277, 'large', 'https://via.placeholder.com/400/CFF2F6/fff/', 'https://via.placeholder.com/400/?text=ICON', '2021-07-17 03:12:53'),
(195, 4, 37.429667, -122.168277, 'small', 'https://via.placeholder.com/400/A8C6F8/fff/', 'https://via.placeholder.com/400/?text=ICON', '2020-02-25 12:23:07'),
(196, 8, 37.429667, -122.168277, 'small', 'https://via.placeholder.com/400/798BD7/fff/', 'https://via.placeholder.com/400/?text=ICON', '2020-12-03 06:57:18'),
(197, 4, 37.429667, -122.168277, 'large', 'https://via.placeholder.com/400/AA92E0/fff/', 'https://via.placeholder.com/400/?text=ICON', '2020-07-27 06:15:17'),
(198, 4, 37.429667, -122.168277, 'medium', 'https://via.placeholder.com/400/CFF2F6/fff/', 'https://via.placeholder.com/400/?text=ICON', '2020-03-03 08:13:07'),
(199, 3, 37.429667, -122.168277, 'medium', 'https://via.placeholder.com/400/A8C6F8/fff/', 'https://via.placeholder.com/400/?text=ICON', '2020-03-19 12:11:11'),
(200, 10, 37.429667, -122.168277, 'medium', 'https://via.placeholder.com/400/A8C6F8/fff/', 'https://via.placeholder.com/400/?text=ICON', '2021-03-01 12:50:23'),
(201, 1, 37.429667, -122.168277, 'large', 'https://via.placeholder.com/400/CFF2F6/fff/', 'https://via.placeholder.com/400/?text=ICON', '2020-09-13 01:45:33'),
(202, 2, 37.429667, -122.168277, 'medium', 'https://via.placeholder.com/400/A8C6F8/fff/', 'https://via.placeholder.com/400/?text=ICON', '2021-08-01 08:32:07'),
(203, 5, 37.429667, -122.168277, 'large', 'https://via.placeholder.com/400/798BD7/fff/', 'https://via.placeholder.com/400/?text=ICON', '2020-09-17 05:17:35'),
(204, 10, 37.429667, -122.168277, 'small', 'https://via.placeholder.com/400/CFF2F6/fff/', 'https://via.placeholder.com/400/?text=ICON', '2020-01-23 06:45:51'),
(205, 10, 37.429667, -122.168277, 'medium', 'https://via.placeholder.com/400/A8C6F8/fff/', 'https://via.placeholder.com/400/?text=ICON', '2020-03-11 03:52:48'),
(206, 2, 37.429667, -122.168277, 'medium', 'https://via.placeholder.com/400/AA92E0/fff/', 'https://via.placeholder.com/400/?text=ICON', '2020-04-17 09:35:32'),
(207, 9, 37.429667, -122.168277, 'medium', 'https://via.placeholder.com/400/CFF2F6/fff/', 'https://via.placeholder.com/400/?text=ICON', '2020-02-03 11:51:56'),
(208, 1, 37.429667, -122.168277, 'large', 'https://via.placeholder.com/400/798BD7/fff/', 'https://via.placeholder.com/400/?text=ICON', '2021-06-24 11:49:03'),
(209, 4, 37.429667, -122.168277, 'large', 'https://via.placeholder.com/400/A8C6F8/fff/', 'https://via.placeholder.com/400/?text=ICON', '2020-04-15 12:13:01'),
(210, 9, 37.429667, -122.168277, 'large', 'https://via.placeholder.com/400/798BD7/fff/', 'https://via.placeholder.com/400/?text=ICON', '2021-05-16 02:15:56'),
(211, 8, 37.429667, -122.168277, 'medium', 'https://via.placeholder.com/400/798BD7/fff/', 'https://via.placeholder.com/400/?text=ICON', '2021-10-16 09:40:36'),
(212, 8, 37.429667, -122.168277, 'medium', 'https://via.placeholder.com/400/CFF2F6/fff/', 'https://via.placeholder.com/400/?text=ICON', '2021-07-23 03:32:28'),
(213, 10, 37.429667, -122.168277, 'medium', 'https://via.placeholder.com/400/CFF2F6/fff/', 'https://via.placeholder.com/400/?text=ICON', '2020-02-24 03:08:10'),
(214, 3, 37.429667, -122.168277, 'medium', 'https://via.placeholder.com/400/CFF2F6/fff/', 'https://via.placeholder.com/400/?text=ICON', '2021-06-27 02:47:48'),
(215, 10, 37.429667, -122.168277, 'large', 'https://via.placeholder.com/400/CFF2F6/fff/', 'https://via.placeholder.com/400/?text=ICON', '2020-04-02 09:52:38'),
(216, 8, 37.429667, -122.168277, 'small', 'https://via.placeholder.com/400/AA92E0/fff/', 'https://via.placeholder.com/400/?text=ICON', '2021-08-03 05:23:48'),
(217, 6, 37.429667, -122.168277, 'small', 'https://via.placeholder.com/400/AA92E0/fff/', 'https://via.placeholder.com/400/?text=ICON', '2020-11-17 01:58:24'),
(218, 8, 37.429667, -122.168277, 'large', 'https://via.placeholder.com/400/798BD7/fff/', 'https://via.placeholder.com/400/?text=ICON', '2020-09-19 01:20:38'),
(219, 10, 37.429667, -122.168277, 'medium', 'https://via.placeholder.com/400/A8C6F8/fff/', 'https://via.placeholder.com/400/?text=ICON', '2021-08-30 11:33:57'),
(220, 5, 37.429667, -122.168277, 'small', 'https://via.placeholder.com/400/798BD7/fff/', 'https://via.placeholder.com/400/?text=ICON', '2021-03-04 07:51:16'),
(221, 10, 37.429667, -122.168277, 'small', 'https://via.placeholder.com/400/CFF2F6/fff/', 'https://via.placeholder.com/400/?text=ICON', '2021-03-26 01:16:33'),
(222, 5, 37.429667, -122.168277, 'medium', 'https://via.placeholder.com/400/798BD7/fff/', 'https://via.placeholder.com/400/?text=ICON', '2021-06-29 10:27:25'),
(223, 3, 37.429667, -122.168277, 'large', 'https://via.placeholder.com/400/CFF2F6/fff/', 'https://via.placeholder.com/400/?text=ICON', '2021-05-16 09:51:08'),
(224, 7, 37.429667, -122.168277, 'large', 'https://via.placeholder.com/400/A8C6F8/fff/', 'https://via.placeholder.com/400/?text=ICON', '2021-10-22 09:18:26'),
(225, 6, 37.429667, -122.168277, 'large', 'https://via.placeholder.com/400/A8C6F8/fff/', 'https://via.placeholder.com/400/?text=ICON', '2021-06-17 04:13:50'),
(226, 2, 37.429667, -122.168277, 'medium', 'https://via.placeholder.com/400/CFF2F6/fff/', 'https://via.placeholder.com/400/?text=ICON', '2020-12-18 05:10:20'),
(227, 10, 37.429667, -122.168277, 'large', 'https://via.placeholder.com/400/AA92E0/fff/', 'https://via.placeholder.com/400/?text=ICON', '2021-08-20 11:33:27'),
(228, 3, 37.429667, -122.168277, 'large', 'https://via.placeholder.com/400/A8C6F8/fff/', 'https://via.placeholder.com/400/?text=ICON', '2020-06-05 07:32:08'),
(229, 6, 37.429667, -122.168277, 'medium', 'https://via.placeholder.com/400/A8C6F8/fff/', 'https://via.placeholder.com/400/?text=ICON', '2021-09-19 12:25:50'),
(230, 8, 37.429667, -122.168277, 'large', 'https://via.placeholder.com/400/CFF2F6/fff/', 'https://via.placeholder.com/400/?text=ICON', '2020-03-02 07:51:09'),
(231, 2, 37.429667, -122.168277, 'medium', 'https://via.placeholder.com/400/A8C6F8/fff/', 'https://via.placeholder.com/400/?text=ICON', '2021-04-14 10:55:37'),
(232, 9, 37.429667, -122.168277, 'large', 'https://via.placeholder.com/400/CFF2F6/fff/', 'https://via.placeholder.com/400/?text=ICON', '2021-05-09 10:16:02'),
(233, 2, 37.429667, -122.168277, 'medium', 'https://via.placeholder.com/400/798BD7/fff/', 'https://via.placeholder.com/400/?text=ICON', '2020-01-07 04:32:27'),
(234, 4, 37.429667, -122.168277, 'large', 'https://via.placeholder.com/400/798BD7/fff/', 'https://via.placeholder.com/400/?text=ICON', '2020-11-15 02:53:53'),
(235, 5, 37.429667, -122.168277, 'small', 'https://via.placeholder.com/400/CFF2F6/fff/', 'https://via.placeholder.com/400/?text=ICON', '2021-08-23 01:39:54'),
(236, 3, 37.429667, -122.168277, 'small', 'https://via.placeholder.com/400/A8C6F8/fff/', 'https://via.placeholder.com/400/?text=ICON', '2020-12-11 12:02:45'),
(237, 10, 37.429667, -122.168277, 'large', 'https://via.placeholder.com/400/A8C6F8/fff/', 'https://via.placeholder.com/400/?text=ICON', '2021-09-08 12:29:34'),
(238, 3, 37.429667, -122.168277, 'small', 'https://via.placeholder.com/400/798BD7/fff/', 'https://via.placeholder.com/400/?text=ICON', '2021-06-10 11:45:53'),
(239, 7, 37.429667, -122.168277, 'small', 'https://via.placeholder.com/400/798BD7/fff/', 'https://via.placeholder.com/400/?text=ICON', '2021-09-30 09:41:05'),
(240, 2, 37.429667, -122.168277, 'medium', 'https://via.placeholder.com/400/AA92E0/fff/', 'https://via.placeholder.com/400/?text=ICON', '2020-12-20 04:55:22'),
(241, 9, 37.429667, -122.168277, 'medium', 'https://via.placeholder.com/400/A8C6F8/fff/', 'https://via.placeholder.com/400/?text=ICON', '2020-03-02 04:50:51'),
(242, 1, 37.429667, -122.168277, 'large', 'https://via.placeholder.com/400/CFF2F6/fff/', 'https://via.placeholder.com/400/?text=ICON', '2021-02-15 02:25:36'),
(243, 7, 37.429667, -122.168277, 'medium', 'https://via.placeholder.com/400/798BD7/fff/', 'https://via.placeholder.com/400/?text=ICON', '2021-04-29 03:26:31'),
(244, 2, 37.429667, -122.168277, 'medium', 'https://via.placeholder.com/400/A8C6F8/fff/', 'https://via.placeholder.com/400/?text=ICON', '2021-03-02 03:03:36'),
(245, 10, 37.429667, -122.168277, 'large', 'https://via.placeholder.com/400/CFF2F6/fff/', 'https://via.placeholder.com/400/?text=ICON', '2021-09-30 12:41:23'),
(246, 2, 37.429667, -122.168277, 'medium', 'https://via.placeholder.com/400/AA92E0/fff/', 'https://via.placeholder.com/400/?text=ICON', '2021-05-05 05:03:11'),
(247, 8, 37.429667, -122.168277, 'small', 'https://via.placeholder.com/400/A8C6F8/fff/', 'https://via.placeholder.com/400/?text=ICON', '2020-10-02 06:56:56'),
(248, 6, 37.429667, -122.168277, 'small', 'https://via.placeholder.com/400/AA92E0/fff/', 'https://via.placeholder.com/400/?text=ICON', '2020-04-02 06:49:31'),
(249, 8, 37.429667, -122.168277, 'small', 'https://via.placeholder.com/400/A8C6F8/fff/', 'https://via.placeholder.com/400/?text=ICON', '2020-07-25 01:59:54'),
(250, 9, 37.429667, -122.168277, 'medium', 'https://via.placeholder.com/400/798BD7/fff/', 'https://via.placeholder.com/400/?text=ICON', '2021-05-27 04:33:25');

-- --------------------------------------------------------

--
-- Table structure for table `track_users`
--

CREATE TABLE `track_users` (
  `id` int(13) NOT NULL,
  `name` varchar(64) NOT NULL,
  `username` varchar(64) NOT NULL,
  `email` varchar(128) NOT NULL,
  `password` varchar(32) NOT NULL,
  `img` varchar(256) NOT NULL,
  `date_create` datetime NOT NULL
) ENGINE=InnoDB DEFAULT CHARSET=latin1;

--
-- Dumping data for table `track_users`
--

INSERT INTO `track_users` (`id`, `name`, `username`, `email`, `password`, `img`, `date_create`) VALUES
(1, 'Lacy Hall', 'user1', 'user1@gmail.com', 'md5(pass)', 'https://via.placeholder.com/400/C3B7AD/fff/?text=user1', '2021-09-22 08:21:17'),
(2, 'Mollie Townsend', 'user2', 'user2@gmail.com', 'md5(pass)', 'https://via.placeholder.com/400/85A5DD/fff/?text=user2', '2020-07-09 02:02:41'),
(3, 'Sheila Mathis', 'user3', 'user3@gmail.com', 'md5(pass)', 'https://via.placeholder.com/400/85A5DD/fff/?text=user3', '2020-10-08 02:21:16'),
(4, 'Underwood Black', 'user4', 'user4@gmail.com', 'md5(pass)', 'https://via.placeholder.com/400/85A5DD/fff/?text=user4', '2021-05-29 08:14:02'),
(5, 'Kristi Garrett', 'user5', 'user5@gmail.com', 'md5(pass)', 'https://via.placeholder.com/400/45567A/fff/?text=user5', '2021-06-24 04:51:56'),
(6, 'Ramona Roach', 'user6', 'user6@gmail.com', 'md5(pass)', 'https://via.placeholder.com/400/85A5DD/fff/?text=user6', '2021-07-01 11:47:41'),
(7, 'Mullen Todd', 'user7', 'user7@gmail.com', 'md5(pass)', 'https://via.placeholder.com/400/45567A/fff/?text=user7', '2020-04-02 11:30:39'),
(8, 'Noelle George', 'user8', 'user8@gmail.com', 'md5(pass)', 'https://via.placeholder.com/400/85A5DD/fff/?text=user8', '2021-10-12 11:54:08'),
(9, 'Jeannie Gay', 'user9', 'user9@gmail.com', 'md5(pass)', 'https://via.placeholder.com/400/F295A0/fff/?text=user9', '2020-07-18 05:09:01'),
(10, 'Ruby Cleveland', 'user10', 'user10@gmail.com', 'md5(pass)', 'https://via.placeholder.com/400/C3B7AD/fff/?text=user10', '2020-09-01 10:52:08');

--
-- Indexes for dumped tables
--

--
-- Indexes for table `track_flowers`
--
ALTER TABLE `track_flowers`
  ADD PRIMARY KEY (`id`);

--
-- Indexes for table `track_locations`
--
ALTER TABLE `track_locations`
  ADD PRIMARY KEY (`id`);

--
-- Indexes for table `track_users`
--
ALTER TABLE `track_users`
  ADD PRIMARY KEY (`id`);

--
-- AUTO_INCREMENT for dumped tables
--

--
-- AUTO_INCREMENT for table `track_flowers`
--
ALTER TABLE `track_flowers`
  MODIFY `id` int(13) NOT NULL AUTO_INCREMENT, AUTO_INCREMENT=51;

--
-- AUTO_INCREMENT for table `track_locations`
--
ALTER TABLE `track_locations`
  MODIFY `id` int(13) NOT NULL AUTO_INCREMENT, AUTO_INCREMENT=251;

--
-- AUTO_INCREMENT for table `track_users`
--
ALTER TABLE `track_users`
  MODIFY `id` int(13) NOT NULL AUTO_INCREMENT, AUTO_INCREMENT=11;
COMMIT;

/*!40101 SET CHARACTER_SET_CLIENT=@OLD_CHARACTER_SET_CLIENT */;
/*!40101 SET CHARACTER_SET_RESULTS=@OLD_CHARACTER_SET_RESULTS */;
/*!40101 SET COLLATION_CONNECTION=@OLD_COLLATION_CONNECTION */;
